epoch,train_loss,valid_loss,_rmse,mae,time
0,56.4532356262207,45.632896423339844,6.755212306976318,6.600213527679443,00:00
1,15.525120735168457,6.72753381729126,2.5937492847442627,2.294081687927246,00:00
2,4.848564624786377,3.965790271759033,1.991429090499878,1.6903712749481201,00:00
